"FileName","Server","EmbeddedClient","CurrentLauncher"
"0Pack2Reload-Forge-1.20.1-1.0.1.jar","False","True","False"
"aaa_particles_world-forge-1.20.1-1.0.3.jar","False","True","False"
"aaa-particles-forge-1.20.1-1.4.12.jar","False","True","False"
"acceleratedrendering-1.0.8-1.20.1-alpha.jar","False","True","False"
"aether-1.20.1-1.5.2-neoforge.jar","True","True","False"
"AgeingSpawners-1.20.1-2.0.0.jar","True","True","False"
"alexsmobs-1.22.9.jar","True","True","False"
"Ancient-Obelisks-1.20.1-1.2.3.jar","True","True","True"
"ApothicAttributes-1.20.1-1.3.7.jar","True","True","False"
"Aquaculture-1.20.1-2.5.7.jar","True","True","False"
"aquaculturedelight-1.1.1-forge-1.20.1.jar","True","True","False"
"aquamirae-forge-1.20.1-6.2.0.jar","True","True","False"
"architectury-9.2.14-forge.jar","True","True","False"
"armourersworkshop-forge-1.20.1-3.0.0-beta.18.jar","False","False","True"
"armourersworkshop-forge-1.20.1-3.2.7-beta.jar","True","True","False"
"artifacts-forge-9.5.16.jar","True","True","False"
"Ash Of Sin-Better AI-1.20.1-1.1.0.jar","True","True","False"
"Ash Of Sin-Custom Anti Seat Entity-1.20.1-1.0.1.jar","True","True","False"
"Ash Of Sin-No More Invalid Statistic-1.20.1-1.0.0.jar","True","True","False"
"Ash Of Sin-Soul Like Boss Battle-1.20.1-1.0.7.jar","True","True","False"
"athena-forge-1.20.1-3.1.2.jar","False","True","False"
"AttributeFix-Forge-1.20.1-21.0.5.jar","True","True","False"
"ba_bt-1.20.1-3.0.0-beta3.2.1.jar","True","True","False"
"balm-forge-1.20.1-7.3.38-all.jar","True","True","False"
"BEB-Forge-1.20.1-6.0.0.jar","True","True","False"
"better_structure_block-forge1.20.1-2.0.2.jar","True","True","False"
"betterendcities-1.0.0-1.20.1.jar","True","True","False"
"betterlockon-2.0.5-forge.jar","False","True","False"
"beyonddimensions-1.20.1-forge-0.7.6.jar","True","True","False"
"biomespy-1.3.3-all.jar","True","True","False"
"blue_skies-1.20.1-1.3.31.jar","True","True","False"
"BOMD-Forge-1.20.1-1.1.2.jar","True","True","False"
"bookofdragons-stub-0.0.0.jar","True","True","False"
"Bookshelf-Forge-1.20.1-20.2.15.jar","True","True","False"
"born_in_chaos_[Forge]1.20.1_1.7.4.jar","False","False","True"
"bountiful_npc-forge-1.20.1-1.0.4.jar","True","True","False"
"Bountiful-6.0.4+1.20.1-forge.jar","True","True","False"
"callablehorses-1.20.1-1.3.0.1.jar","True","True","False"
"cataclysm_dimension-forge1.20.1-1.6.2.jar","True","True","False"
"CerbonsAPI-Forge-1.20.1-1.1.0.jar","True","True","False"
"chatplus-forge-2.8.1.jar","False","True","False"
"chipped-forge-1.20.1-3.0.7.jar","True","True","False"
"chloride-FORGE-mc1.20.1-v1.7.5.jar","False","True","False"
"chunksending-1.20.1-2.8.jar","True","True","False"
"Chunky-1.3.146.jar","True","True","False"
"cinematiccataclysm-1.0.0-1.20.1.jar","True","True","False"
"citadel-2.6.3-1.20.1.jar","True","True","False"
"Clear-Water-2.1.jar","False","True","False"
"cloth-config-11.1.136-forge.jar","True","True","False"
"CombatEvolution-2.1.1.jar","True","True","False"
"combatroll-forge-1.3.3+1.20.1.jar","True","True","False"
"configured-forge-1.20.1-2.2.3.jar","True","True","False"
"Corgilib-Forge-1.20.1-4.0.3.4.jar","True","True","False"
"coroutil-forge-1.20.1-1.3.7.jar","True","True","False"
"cristellib-1.1.6-forge.jar","True","True","False"
"cte_essentials-1.0.7.jar","True","True","True"
"CTE2ModpackArmors-1.0.3.jar","False","False","True"
"cupboard-1.20.1-3.5.jar","True","True","False"
"curios-forge-5.14.1+1.20.1.jar","True","True","True"
"CustomSkinLoader_ForgeV2-14.27.jar","False","True","False"
"defaultoptions-forge-1.20.1-18.0.4.jar","False","True","False"
"DistantHorizons-2.4.5-b-1.20.1-fabric-forge.jar","False","True","False"
"dodge_parry_reward-1.20.1forge-20.14.2.jar","True","True","False"
"Dodos Mobs 1.0.1 beta.jar","True","True","False"
"domesticationinnovation-1.7.1-1.20.1.jar","True","True","False"
"drippyloadingscreen_forge_3.1.0_MC_1.20.1.jar","False","True","False"
"dummmmmmy-1.20-2.0.9.jar","True","True","False"
"Dungeon-Realm-1.20.1-1.1.7.jar","True","True","True"
"DungeonsArise-1.20.x-2.1.58-release.jar","True","True","False"
"embeddium-0.3.31+mc1.20.1.jar","False","True","False"
"EnchantingInfuser-v8.0.3-1.20.1-Forge.jar","True","True","False"
"EnchantmentDescriptions-Forge-1.20.1-17.1.21.jar","False","True","False"
"entityculling-forge-1.9.5-mc1.20.1.jar","False","True","False"
"entityjs-0.6.5-1.20.1.jar","True","True","False"
"entityrespawner-1.0.2.jar","True","True","False"
"epic_fight_avalon-20.12.6.4.jar","True","True","False"
"EpicFight Nightfall-3.2.2-all.jar","True","True","False"
"epicfight_arachne-1.0.0.jar","True","True","False"
"epicfight_leonidas-1.0.1.jar","True","True","False"
"epic-fight-20.14.12-mc1.20.1-forge.jar","True","True","False"
"epicfight-extra-1.1.4-mc1.20.1-forge-all.jar","True","True","False"
"epicfight-forge-20.9.6-1.20.1.jar","False","False","True"
"epic-fight-invincible-lib-20.14.8.2-mc1.20.1-forge.jar","True","True","False"
"epicfight-skilltree-forge-20.2.6.5-1.20.1.jar","True","True","False"
"epic-knights-1.20.1-forge-10.11.jar","True","True","False"
"exile_overlay-forge-1.7.1.jar","False","True","False"
"expandability-9.0.4.jar","True","True","False"
"ExtraSoundsNext-forge-1.20.1-1.4.jar","False","True","False"
"fallingtrees-forge-mc1.20-0.13.2-SNAPSHOT.jar","True","True","False"
"fancymenu_forge_3.8.1_MC_1.20.1.jar","False","True","True"
"Fancy-Trail1.20.1-1.1.5-all.jar","True","True","False"
"fantasy_armor-forge-1.2-1.20.1.jar","True","True","False"
"FarmersDelight-1.20.1-1.2.11.jar","True","True","False"
"fast_tpa-forge1.20.1-1754790334-1.2.1.jar","True","True","False"
"FastEvent-1.20.1-1.1.1.jar","True","True","False"
"fdlib-1.0.8-1.20.1.jar","True","True","False"
"ferritecore-6.0.1-forge.jar","True","True","False"
"flerovium-forge-1.20.1-1.2.18-all.jar","False","True","False"
"fluid-tick-structure-processor-0.1.0.dirty-forge-1.20.1.jar","True","True","False"
"FramedBlocks-9.4.2.jar","True","True","False"
"fruitsdelight-1.1.1.jar","True","True","False"
"ftb-essentials-forge-2001.2.4.jar","True","True","False"
"ftb-library-forge-2001.2.12.jar","True","True","False"
"ftb-quests-forge-2001.4.18.jar","True","True","False"
"ftb-teams-forge-2001.3.2.jar","True","True","False"
"ftb-xmod-compat-forge-2.1.3.jar","True","True","False"
"fullstackwatchdog-1.0.1+1.19.2-forge.jar","True","False","False"
"geckolib-forge-1.20.1-4.8.2.jar","False","False","True"
"geckolib-forge-1.20.1-4.8.3.jar","True","True","False"
"globalshaderpackproperties-1.1.0-all.jar","False","True","False"
"gnetum-2.4.1.jar","False","True","False"
"GPUTape-1.18x-1.21x-1.0.5.1-forge.jar","False","True","False"
"HungerStrike-1.20.1-8.0.0.jar","True","True","False"
"Iceberg-1.20.1-forge-1.1.25.jar","True","True","False"
"immersive_optimization-forge-1.20.1-0.1.4.jar","True","True","False"
"incontrol-1.20-9.4.6.jar","True","True","False"
"indestructible-20.13.0.jar","True","True","False"
"InvMove-0.9.3+1.20.1-Forge.jar","False","True","False"
"irons_spellbooks-stub-0.0.0.jar","True","True","False"
"ItemBorders-1.20.1-forge-1.2.2.jar","False","True","False"
"Jade-1.20.1-Forge-11.13.2.jar","True","True","False"
"JadeAddons-1.20.1-Forge-5.5.0.jar","True","True","False"
"jecharacters-1.20.1-forge-4.6.3.jar","False","True","False"
"jei-1.20.1-forge-15.20.0.129.jar","True","True","False"
"JustEnoughResources-1.20.1-1.4.0.247.jar","True","True","False"
"Kambrik-6.1.1+1.20.1-forge.jar","True","True","False"
"killcam-1.0.2.jar","True","False","False"
"killcam-1.0.3.jar","False","True","False"
"konkrete_forge_1.8.0_MC_1.20-1.20.1.jar","False","True","True"
"kotlinforforge-4.12.0-all.jar","True","True","False"
"Krypton FNP-forge-1.20.1-0.2.28.2-1.20.1.jar","True","True","False"
"kubejs-forge-2001.6.5-build.16.jar","True","True","False"
"L_Enders_Cataclysm-3.16.jar","True","True","False"
"lang_amend-forge1.20.1-1.0.0-all.jar","False","True","False"
"lazyyyyy-lexforge-core-0.14.19.jar","True","True","False"
"LegendaryTooltips-1.20.1-forge-1.4.5.jar","False","True","False"
"Library_of_Exile-1.20.1-2.1.5.jar","True","True","True"
"lightmanscurrency-1.20.1-2.3.0.0a.jar","True","True","False"
"limitedchunks-1.20.1-4.1.jar","True","True","False"
"lionfishapi-2.4-Fix.jar","True","True","False"
"lithostitched-forge-1.20.1-1.4.11.jar","True","True","False"
"Log-Begone-Forge-1.20.1-1.0.8.jar","True","False","False"
"lootr-forge-1.20-0.7.35.94.jar","True","True","False"
"lost_aether_content-1.20.1-1.2.3.jar","True","True","False"
"melody_forge_1.0.3_MC_1.20.1-1.20.4.jar","False","True","True"
"mimic-1.0.5.jar","True","True","False"
"Mine_and_lash-Compatibility-1.20.1-1.0.0.jar","True","True","True"
"mine_and_meals-0.60.jar","True","True","False"
"Mine_and_Slash-1.20.1-6.3.14.jar","True","True","True"
"mixin-booster-0.1.3+1.20.1.jar","True","True","False"
"mns_extras-0.2-1.20.1.jar","False","False","True"
"modernfix-forge-5.26.2+mc1.20.1.jar","True","True","False"
"ModernUI-Forge-1.20.1-3.12.0.1-universal.jar","False","True","False"
"moonlight-1.20-2.16.28-forge.jar","True","True","False"
"MouseTweaks-forge-mc1.20.1-2.25.1.jar","False","True","False"
"mowziesmobs-1.7.3.jar","True","True","False"
"Nightfall Enhance-1.0.7.jar","True","True","False"
"noworldgenwarning-1.0.0.jar","True","True","False"
"obscure_api-18.jar","True","True","False"
"oculus-mc1.20.1-1.8.0.jar","False","True","False"
"Oh-The-Biomes-Weve-Gone-Forge-1.7.5.jar","True","True","False"
"Oh-The-Trees-Youll-Grow-forge-1.20.1-1.5.0.jar","True","True","False"
"OpenLoader-Forge-1.20.1-19.0.4.jar","False","False","True"
"OpenLoader-Forge-1.20.1-19.0.5.jar","True","True","False"
"p1nero_bow-forge1.20.1-20.14.1.6.jar","True","True","False"
"p1nero_ec-20.14.0.7.jar","True","True","False"
"p1neros-dialogue-lib-2.3.0-mc1.20.1-forge.jar","True","True","False"
"packetfixer-3.3.1-1.18-1.20.4-merged.jar","True","True","False"
"pandalib-forge-mc1.20-0.5.2-SNAPSHOT.jar","True","True","False"
"Patchouli-1.20.1-85-FORGE.jar","True","True","False"
"pbf1-1.1.2.jar","True","True","False"
"Placebo-1.20.1-8.6.3.jar","True","True","False"
"player-animation-lib-forge-1.0.2-rc1+1.20.jar","True","True","True"
"preloading-tricks-3.5.8.jar","False","True","False"
"Prism-1.20.1-forge-1.0.5.jar","True","True","False"
"PuzzlesLib-v8.1.33-1.20.1-Forge.jar","True","True","False"
"Quark-4.0-462.jar","True","True","False"
"quick-pack-forge-1.2.1+1.20.1-all.jar","True","True","False"
"radiantgear-forge-2.2.0+1.20.1.jar","True","True","False"
"rebind_narrator-1.20.1-forge-2025.12.23.jar","False","True","False"
"resourcefulconfig-forge-1.20.1-2.1.3.jar","True","True","False"
"resourcefullib-forge-1.20.1-2.1.29.jar","True","True","False"
"rhino-forge-2001.2.3-build.10.jar","True","True","False"
"ribbits-stub-0.0.0.jar","True","True","False"
"RoE_Weapons-0.1.7.jar","True","True","True"
"saintsdragons-1.20.1-0.6.1-FORGE-ALPHA.jar","True","True","False"
"servercore-forge-1.5.2+1.20.1.jar","True","True","False"
"ShoulderSurfing-Forge-1.20.1-4.22.3.jar","True","True","False"
"smoothchunk-1.20.1-4.1.jar","False","True","False"
"smsn-forge-1.3.8-1.20.1.jar","True","True","False"
"sodiumdynamiclights-forge-1.0.10-1.20.1.jar","False","True","False"
"sound-physics-remastered-forge-1.20.1-1.5.1.jar","True","True","False"
"spark-1.10.53-forge.jar","True","True","False"
"starlight-1.1.2+forge.1cda73c.jar","True","True","False"
"structure_gel-1.20.1-2.16.2.jar","True","True","False"
"structure_layout_optimizer-forge-1.0.11.jar","True","True","False"
"summoningrituals-forge-1.20.1-2.0.8.jar","True","True","False"
"super_golem-20.12.2.jar","True","True","False"
"super_warden-20.13.0.jar","True","True","False"
"supplementaries-1.20-3.1.42-forge.jar","True","True","False"
"swem-1.20.1-1.6.5.jar","True","True","False"
"sword_soaring-20.14.2.7-mc1.20.1-forge.jar","True","True","False"
"Tab-Stats-1.20-1.0.5.jar","True","True","False"
"TaxFreeLevels-1.4.14-forge-1.20.1.jar","True","True","False"
"tcr_bosses-1.0.18-all.jar","True","True","False"
"tcrcore-2.2.3.jar","True","True","False"
"tcrmeshes-1.0.0.jar","True","True","False"
"tcrmodfilter-1.0.6.jar","False","True","False"
"tectonic-forge-1.20.1-2.4.1.jar","True","True","True"
"TerraBlender-forge-1.20.1-3.0.1.10.jar","True","True","False"
"The-Harvest-1.20.1-1.1.3.jar","True","True","True"
"tlc_forge-1.0.3-R-1.20.X.jar","True","True","False"
"Towns-and-Towers-1.12-Fabric+Forge.jar","True","True","False"
"TravelersTitles-1.20-Forge-4.0.2.jar","True","True","False"
"trek-B0.6.jar","True","True","False"
"uniqueaccessories-1.3.3-forge-mc1.20.1.jar","True","True","False"
"visual_keybinder-1.20.1 - 0.1.12.jar","False","True","False"
"voicechat-forge-1.20.1-2.6.9.jar","False","False","True"
"void_mns_prof_compat-0.0.1.jar","True","True","False"
"waystones-forge-1.20.1-14.1.20.jar","True","True","False"
"WeaponsOfMiracles-2.0.15-mc1.20.1-forge.jar","True","True","False"
"WeaponsOfMiracles-20.1.8.5.6.jar","False","False","True"
"worldedit-mod-7.2.15.jar","True","True","False"
"wraithon-forge1.20.1-1.1.11.jar","True","True","False"
"xaerominimap-forge-1.20.1-25.3.10.jar","True","True","False"
"xaeroworldmap-forge-1.20.1-1.40.11.jar","True","True","False"
"yet_another_config_lib_v3-3.6.6+1.20.1-forge.jar","True","True","False"
"YouDied-1.20-3.0.0.17-forge.jar","False","True","False"
"YungsApi-1.20-Forge-4.0.6.jar","True","True","False"
"YungsBetterEndIsland-1.20-Forge-2.0.6.jar","True","True","False"
"Zeta-1.0-31.jar","True","True","False"
"zmedievalmusic-1.20.1-2.2.jar","False","True","False"
