"FileName","State","Kind","Bytes","Sha256","DistributionReview"
"aether-1.20.1-1.5.2-neoforge.jar","active","upstream-or-third-party","39746319","5cb64ab1f27e78e8338fe67f9c766578904aad9bc1f8bcc90f306ea52aea3fc5","provider-metadata-required"
"AgeingSpawners-1.20.1-2.0.0.jar","active","upstream-or-third-party","19957","d3fbc398171c5625e5ddac02a08e878413884350324008a83dd6cc1363eb6a00","provider-metadata-required"
"alexsmobs-1.22.9.jar","active","upstream-or-third-party","26350793","16bc5bcc19db9029c24f951346ec71098e6f5b0afef96e61894a2e9407aad37c","provider-metadata-required"
"Ancient-Obelisks-1.20.1-1.2.3.jar","active","upstream-or-third-party","350478","838521c23cc0921e678e42ace538ee6ed297fcd7af5e67fb4b7ebc76fb5f9982","provider-metadata-required"
"ApothicAttributes-1.20.1-1.3.7.jar","active","upstream-or-third-party","227511","68487b11c0d4e2f67a85f2b04bf65e99ac15294f2923f4391f83e9542293187a","provider-metadata-required"
"Aquaculture-1.20.1-2.5.7.jar","active","upstream-or-third-party","601839","4c96cf0dd3363a8e15f9ef6b6bfc00ac7d4791e8e9eeebe19b8092c59e800f8f","provider-metadata-required"
"aquaculturedelight-1.1.1-forge-1.20.1.jar","active","upstream-or-third-party","225149","eae5e753536614fbcf968f3f11cae54779d07e8547199ea5800dbb17617bfeee","provider-metadata-required"
"aquamirae-forge-1.20.1-6.2.0.jar","active","upstream-or-third-party","19043641","2ed3dd86bcfe51b40c3e3ba667e5956671d1f80f1bc8bef6c8ed9e5d2f918d9b","provider-metadata-required"
"architectury-9.2.14-forge.jar","active","upstream-or-third-party","580602","218b471d0b8a1f6cda14cfc1beb9eeb0df54304500acc6c5613d9b88ec65d9af","provider-metadata-required"
"armourersworkshop-forge-1.20.1-3.2.7-beta.jar","active","upstream-or-third-party","5904485","b7c8cb6b672e477e177979f6f9390477638fbc1d38d266c8674fe89c15bef45b","provider-metadata-required"
"artifacts-forge-9.5.16.jar","active","upstream-or-third-party","850457","b39b1aa5882b81f4a53710f841232e25c2eecb577bbde2f399c34bba5fee6e04","provider-metadata-required"
"Ash Of Sin-Better AI-1.20.1-1.1.0.jar","active","local-or-patched","81598","701204db339efe15d996e6a71909355b70f261b92ee2e94416ac22bc20f3a610","license-and-authorship-required"
"Ash Of Sin-Custom Anti Seat Entity-1.20.1-1.0.1.jar","active","local-or-patched","63730","54a66eda5af6088235ac9a3a5c1b8991bedadfdbf3dcf91b196b025af8f95680","license-and-authorship-required"
"Ash Of Sin-No More Invalid Statistic-1.20.1-1.0.0.jar","active","local-or-patched","66292","82fab621c78b273ea17576fb28378ca0a7f2603eff69629dd6aadd01eb6073a7","license-and-authorship-required"
"Ash Of Sin-Soul Like Boss Battle-1.20.1-1.0.7.jar","active","local-or-patched","69332","be868eb6d2622de774a136067b1d2ffc93194b5ace1e0396264fc52636c9527e","license-and-authorship-required"
"ATi Structures Default V1.4.2 (1.20+).jar.disabled","disabled","upstream-or-third-party","3149756","1db9d6bbcc5032ed42e47adf42d2a719b5a768cc42af6b999ac2b1208d0730a7","provider-metadata-required"
"AttributeFix-Forge-1.20.1-21.0.5.jar","active","local-or-patched","19499","43ccfd91c1a24d1b3c9d3ccf2dd6a86e9f0c2ba442b111a2238fbff3cf88af11","license-and-authorship-required"
"ba_bt-1.20.1-3.0.0-beta3.2.1.jar","active","upstream-or-third-party","54453322","df9cbc8b7f657858d1fa823c6eabe1af027e02c0e9b5fdbd5c4398ae97653ed6","provider-metadata-required"
"balm-forge-1.20.1-7.3.38-all.jar","active","upstream-or-third-party","591397","cbe8008218f0f574bc1f78b532cac5f978c33bf36ae2e14805340eab445fdb08","provider-metadata-required"
"BEB-Forge-1.20.1-6.0.0.jar","active","upstream-or-third-party","1884205","f6b0bf62ca159c17473a8c79d32c27c6bed20d4120900d98e88a61641586a358","provider-metadata-required"
"better_structure_block-forge1.20.1-2.0.2.jar","active","upstream-or-third-party","20614","0cc7da674c452a30c208d59e82c733d8160cc5496699da9b631de36ed22da76c","provider-metadata-required"
"better_trident_model-1.1.0-all.jar.disabled","disabled","upstream-or-third-party","293863","537a30b18cfc239e22ceff00bec23057d7769f4a2ab068c62b6a5899402c6993","provider-metadata-required"
"betterendcities-1.0.0-1.20.1.jar","active","upstream-or-third-party","81018","162853b270c7b47395704025f7e4e6ff2983c3e19fc6a806f0fc04ab6e422a29","provider-metadata-required"
"beyonddimensions-1.20.1-forge-0.7.6.jar","active","upstream-or-third-party","1472873","b05015a19ffdfa92c58702cb9cc7cf67c01652610b44a754eea7c634e446192c","provider-metadata-required"
"biomespy-1.3.3-all.jar","active","upstream-or-third-party","231424","e1bb7f07b14c28ef216e391eb19b11520ebff30570bef4e53f90bb3fdbdea86f","provider-metadata-required"
"blue_skies-1.20.1-1.3.31.jar","active","upstream-or-third-party","83564111","dda5351a7d75f8074e9878912140fd5ab2fe4e74d7678d4f9c52c0b86bce9748","provider-metadata-required"
"BOMD-Forge-1.20.1-1.1.2.jar","active","upstream-or-third-party","1753623","9d064557007fbf8a48da92034209b209edd99a16a5017ee104cdc13206390441","provider-metadata-required"
"bookofdragons-1.21-1.20.1.jar.disabled","disabled","upstream-or-third-party","4578909","d5b2e7c1af8da5aa839dd12c7083175320dd1ee8d28c526e5d49c5a965a84d1c","provider-metadata-required"
"bookofdragons-stub-0.0.0.jar","active","compatibility-stub","10930","ea582cc1395deef09936d8cc91419684442490637340c803cbe45b0af68b976e","license-and-authorship-required"
"bookofdragons-stub-0.0.0.jar.bak","backup-or-other","compatibility-stub","9634","114dc59a81fa23edcfb813bdbb47511ffb5e02535db326dd0c9dea66d1bd8d36","license-and-authorship-required"
"Bookshelf-Forge-1.20.1-20.2.15.jar","active","upstream-or-third-party","343925","7980d4a0beed1dcd2c283cf65f3c93f6b0085833f3ac490014979c95f1dfaf67","provider-metadata-required"
"bountiful_npc-forge-1.20.1-1.0.4.jar","active","upstream-or-third-party","149023","dee5e2b2cae1f09e0ed1ab045827d90c6bf7a691397128cd747798eede0a45a8","provider-metadata-required"
"Bountiful-6.0.4+1.20.1-forge.jar","active","upstream-or-third-party","502662","ba171d8cf146faa138563b4b7114742e1589fc444fce7503a1779eb80a8a4765","provider-metadata-required"
"callablehorses-1.20.1-1.3.0.1.jar","active","upstream-or-third-party","137704","7f28c7d5255292c08cdf200295fd5c92689a5009a056e7a47c255e97d9de520b","provider-metadata-required"
"cataclysm_dimension-forge1.20.1-1.6.2.jar","active","upstream-or-third-party","152827","1666d567b095123de74fa1022d4dc6850cd04aae738dd6bf1e9707a39588ea4b","provider-metadata-required"
"CerbonsAPI-Forge-1.20.1-1.1.0.jar","active","upstream-or-third-party","241148","54a0a20da56ab1af2d0d7f5cf1133c059a7523485d567521084f822e81505dfb","provider-metadata-required"
"chipped-forge-1.20.1-3.0.7.jar","active","upstream-or-third-party","15060263","300e02535342b710fb34409821de9d097b0d8b17f56a57a17d75d05c4c1c5b63","provider-metadata-required"
"chunksending-1.20.1-2.8.jar","active","upstream-or-third-party","11734","54207d488545db565838bad97db7978800f5171e02c4ab7741b9ee5cd8ab5001","provider-metadata-required"
"Chunky-1.3.146.jar","active","upstream-or-third-party","341451","996a3c9b53e6c0e0850fb9e78d3546d2c37a1b789ddaf529b17e4fe62ab23141","provider-metadata-required"
"cinematiccataclysm-1.0.0-1.20.1.jar","active","upstream-or-third-party","699753","121cd3a41f17811b36f8c47194f38529b1ee63abedfd285fe6169518ae8435b1","provider-metadata-required"
"citadel-2.6.3-1.20.1.jar","active","upstream-or-third-party","3185275","56c7ab87348a5292583aac787b6cf11b5193e77f02af1d17ea75a96f8640b3ce","provider-metadata-required"
"cloth-config-11.1.136-forge.jar","active","upstream-or-third-party","1181413","1e895e85cf5b1e1905ef3178ec155c8badfe22a1577b92c09143a5aa1f4ce0f2","provider-metadata-required"
"CombatEvolution-2.1.1.jar","active","upstream-or-third-party","2427531","9d24ed5e56d755e205d09c4e7e4f10ec6a3efed0464e188febcfbd339451b848","provider-metadata-required"
"combatroll-forge-1.3.3+1.20.1.jar","active","upstream-or-third-party","217962","e20a4693ff734e5c61dc3fcc32e77c6b850722f2e208728e8643e279d6085b30","provider-metadata-required"
"configured-forge-1.20.1-2.2.3.jar","active","upstream-or-third-party","418929","05dceddd57825f911135c929504ef320b75953d05e7dc918dba58a0574e5315f","provider-metadata-required"
"Corgilib-Forge-1.20.1-4.0.3.4.jar","active","upstream-or-third-party","360700","9e638c7e73d997bb4ecba4aa40de90e89dd15fdbc4235fb997eed9ad43c10cd3","provider-metadata-required"
"coroutil-forge-1.20.1-1.3.7.jar","active","upstream-or-third-party","64187","11448808a42c17425cf2ea39701841008683d6ad6e2838a34eef0253251a870f","provider-metadata-required"
"cosmeticarmorreworked-1.20.1-v1a.jar.disabled","disabled","upstream-or-third-party","88752","c790e8671625b05ec0aa19272e0ea74ea95619f953e3c6f39a6736af0d386804","provider-metadata-required"
"cristellib-1.1.6-forge.jar","active","upstream-or-third-party","431318","3856ad565ea45d6189452d813e2f021b365b686d3b1adae5f747c56a1e535d9f","provider-metadata-required"
"cte_essentials-1.0.7.jar","active","local-or-patched","270566","8f59f341e99cb23ce6b9798e419e4c622bfc4149811af147dd89141977adf902","license-and-authorship-required"
"cupboard-1.20.1-3.5.jar","active","upstream-or-third-party","29505","68ac8d4df915d7610eca62edc7ad33e9fe6e938701766739a34f71abfc9bd20d","provider-metadata-required"
"curios-forge-5.14.1+1.20.1.jar","active","upstream-or-third-party","398066","1e817919a35b37cf30524aaec73f0ca5130452f23f168f844854df282eb8e51f","provider-metadata-required"
"dodge_parry_reward-1.20.1forge-20.14.2.jar","active","upstream-or-third-party","287246","4bc758071d1fa49f900ffcd0507e1a283784bf4377da7fc4cddc947da74a4828","provider-metadata-required"
"Dodos Mobs 1.0.1 beta.jar","active","upstream-or-third-party","1197246","dec65b8aba9b3a583b78209b54541f0fa6753b90afcb0deb0a206e475b60e9e9","provider-metadata-required"
"domesticationinnovation-1.7.1-1.20.1.jar","active","upstream-or-third-party","853614","00f20efea12ea981b8d75e257a136c08e0c00c324554e69cf20193376c942e97","provider-metadata-required"
"dummmmmmy-1.20-2.0.9.jar","active","upstream-or-third-party","363044","bfbda7e454cd2cc547578208b3c42a2526a2615b155c76952f6981ba3da0fe89","provider-metadata-required"
"Dungeon-Realm-1.20.1-1.1.7.jar","active","upstream-or-third-party","4147897","b2b44abcd8d6d4e0b449c9d2e0911522afa9668579e85b98b399c5d700323f05","provider-metadata-required"
"DungeonsArise-1.20.x-2.1.58-release.jar","active","upstream-or-third-party","8762342","f8f1254dbe7ed7c1d5403f20361a36f0d0587c82b71313e3f427c7f1ce7c8a90","provider-metadata-required"
"efs_iss-1.0.3.jar.disabled","disabled","upstream-or-third-party","299741","d7f7a0405ff5b1c859513ff4baf54238b18542fb43d7d3a84a1629f4ec328aca","provider-metadata-required"
"EnchantingInfuser-v8.0.3-1.20.1-Forge.jar","active","upstream-or-third-party","177437","2563fb5ed1c4737c2adbc379ab4782dee89cc80a25ca938d3294a6fe0b13f6a4","provider-metadata-required"
"entityjs-0.6.5-1.20.1.jar","active","upstream-or-third-party","2363784","17a6d3bca4953478d6a0d7305691546aaff63aa7fefaa7a8886200805f88f58e","provider-metadata-required"
"entityrespawner-1.0.2.jar","active","upstream-or-third-party","15301","ce3382c6af81f328fef72a2592ea7fe7522239e4f837e6153e0748a24df857b2","provider-metadata-required"
"epic_fight_avalon-20.12.6.4.jar","active","upstream-or-third-party","645196","596462a617e203cc1ead934387477d95382ac84a2bcd0707cf927a794a5518ed","provider-metadata-required"
"EpicFight Nightfall-3.2.2-all.jar","active","upstream-or-third-party","51333810","d3667db57daddf770148592b661aa36455a4001309a29dd0759b75773cc87de2","provider-metadata-required"
"epicfight_arachne-1.0.0.jar","active","upstream-or-third-party","7338704","1dd8683b53e5fa3b021939163e87f06ea4872aef5ab77f2e60c7496ea6be35d4","provider-metadata-required"
"epicfight_leonidas-1.0.1.jar","active","upstream-or-third-party","8366555","1a6ee8b1867caedbfb27798ffac09e16e9632fcc4514ede8098ba7961bf226f7","provider-metadata-required"
"epic-fight-20.14.12-mc1.20.1-forge.jar","active","upstream-or-third-party","8044631","cecc93f453b1af788c3f9e79204424926407a7392d91cc140674fae09f08c9c1","provider-metadata-required"
"epicfight-extra-1.1.4-mc1.20.1-forge-all.jar","active","upstream-or-third-party","23580690","7ae17f7d254259f80e024dc4a557cbda4102963835f843f5f45483ac2afb373b","provider-metadata-required"
"epic-fight-invincible-lib-20.14.8.2-mc1.20.1-forge.jar","active","upstream-or-third-party","268536","0017db1a54bca5ac90ac7e4010e3a59a93ab287ad2a6b68b6781dd5beabf31ed","provider-metadata-required"
"epicfight-skilltree-forge-20.2.6.5-1.20.1.jar","active","upstream-or-third-party","326274","75aa5ca5a5fe24c247c91bb3088ee2bdfb8890eb96e74bb22953de18bcf13d31","provider-metadata-required"
"epic-knights-1.20.1-forge-10.11.jar","active","upstream-or-third-party","2913733","6043fdc77ea9651b1293e8602c8e858c728628f6f6b6e9efa247e4281f4ca733","provider-metadata-required"
"expandability-9.0.4.jar","active","upstream-or-third-party","80765","c1f7c3ba5873bb4797d2124c57bab3189acdb62d02f63217db1456d232dac20f","provider-metadata-required"
"explorerscompass-edited-1.20.1-1.4.0-forge.jar.disabled","disabled","local-or-patched","186196","216e13b90e5bd04595f33aa674f2496130019a43b8631f56a3ff8bc4cf31e1ac","license-and-authorship-required"
"fallingtrees-forge-mc1.20-0.13.2-SNAPSHOT.jar","active","upstream-or-third-party","4025908","6b4853214c5cc156b187b86162df2db028c0ddcf90380fa1897068cde2622de1","provider-metadata-required"
"Fancy-Trail1.20.1-1.1.5-all.jar","active","upstream-or-third-party","5911422","6c7e7cb69eae45b019d750691148b33c326915cad65cae2beea7edaf1e71494a","provider-metadata-required"
"fantasy_armor-forge-1.2-1.20.1.jar","active","upstream-or-third-party","544531","c954e9055be18bf14eb6c3bb14329fc49cd73787fa45f45dadf36462f200275f","provider-metadata-required"
"FarmersDelight-1.20.1-1.2.11.jar","active","upstream-or-third-party","2963127","9a2db05541f07e15a81d514f4f47627f1c738d0464c1885765aa460117909318","provider-metadata-required"
"fast_tpa-forge1.20.1-1754790334-1.2.1.jar","active","upstream-or-third-party","29118","a50db3af8c22f0f891d76be224695c523f6705faaab2bb0373021b7a4e32a9b6","provider-metadata-required"
"FastEvent-1.20.1-1.1.1.jar","active","upstream-or-third-party","32785","fad6bd3c5d882a924934f119d4df83570c24610a06c4f76ac2c36b487edc7727","provider-metadata-required"
"fdlib-1.0.8-1.20.1.jar","active","upstream-or-third-party","1645858","434d14d4bb3e703be71210e1ffc22003bb5a583f3cde82904b84687c3b1651dd","provider-metadata-required"
"ferritecore-6.0.1-forge.jar","active","upstream-or-third-party","123034","9c2c9396a49e796d88497758caa4637d2bcbb433c318e2dd9cebcffbaf0f6c54","provider-metadata-required"
"fluid-tick-structure-processor-0.1.0.dirty-forge-1.20.1.jar","active","local-or-patched","37448","b79d588aefb76de6bdf73ef2ab48b7a60223b60aff40676ffe033442c4089519","license-and-authorship-required"
"FramedBlocks-9.4.2.jar","active","upstream-or-third-party","4251277","497d66d71952adf5851b5e14d2df636b5933df8c0ab8799c33db1d9cfb82e66d","provider-metadata-required"
"fruitsdelight-1.1.1.jar","active","upstream-or-third-party","1892593","ed617e625e38fb6d87af8b0092c992daeef6ac66a58f47b78db4a7c6eca6f49b","provider-metadata-required"
"ftb-essentials-forge-2001.2.4.jar","active","upstream-or-third-party","157732","e0022bfe29dc10e373947701dae1bc4ce75ee15fe21f6d89269677fbb9aebf73","provider-metadata-required"
"ftb-library-forge-2001.2.12.jar","active","upstream-or-third-party","780523","f09335944fff8ca3ef37a40e0b125ffb6707759ede258c73f9ce9bac61bfbf96","provider-metadata-required"
"ftb-quests-forge-2001.4.18.jar","active","upstream-or-third-party","1251902","62f0229c45d5bafd9747d129f159818e513df411840744b1beb15e0c68f3b0ca","provider-metadata-required"
"ftb-teams-forge-2001.3.2.jar","active","upstream-or-third-party","252579","b1cb4d82ea9f137a87e12a7aaf3329619294b56f7d70337dfd557a76e10b6e07","provider-metadata-required"
"ftb-xmod-compat-forge-2.1.3.jar","active","upstream-or-third-party","129725","16a8eb9de88d5c33d29cb076cc39dfb337b2c54348e1ef1efe9dd60cf85e5f72","provider-metadata-required"
"fullstackwatchdog-1.0.1+1.19.2-forge.jar","active","upstream-or-third-party","14539","0c845a2812e374edeb6085844294098bb7f774fef4d19fc88c334eadf7b73aa4","provider-metadata-required"
"geckolib-forge-1.20.1-4.8.3.jar","active","upstream-or-third-party","1039046","8b90e11871a58b63816e99c529e6c932bc88e6beb3fec97ad618e22217df3250","provider-metadata-required"
"HungerStrike-1.20.1-8.0.0.jar","active","upstream-or-third-party","33579","b9cc8763c8898bf33a8771c3245fa9dba9524ec92e532461fe7f2ccdbf8f09b9","provider-metadata-required"
"Iceberg-1.20.1-forge-1.1.25.jar","active","upstream-or-third-party","134551","91ad6b459e0c7a16a9f3dc90230248a696600ceec6646aa23263559b8648dbc3","provider-metadata-required"
"immersive_optimization-forge-1.20.1-0.1.4.jar","active","upstream-or-third-party","52117","a5bbd50671a9c4b5ba33d1e710fe8e78d095e7c957aeba4fe292f84e66f52256","provider-metadata-required"
"incontrol-1.20-9.4.6.jar","active","upstream-or-third-party","361894","85d64d0f81f6eb6e1e2fa2a97a0aeabcea9e371498c3853b12c3697891e57f2c","provider-metadata-required"
"indestructible-20.13.0.jar","active","upstream-or-third-party","264932","6de25c515f8284febb9e2f0b2d35e0ecad5a520cde279c424d8a6f2be1554685","provider-metadata-required"
"irons_spellbooks-1.20.1-3.15.4.jar.disabled","disabled","upstream-or-third-party","15144197","dbeabd73fa35b5e5622a7190dcadbb5b91d8fb45dd7f5013658fd4fccf2ec140","provider-metadata-required"
"irons_spellbooks-stub-0.0.0.jar","active","compatibility-stub","27967","ff1776fbaf916e9b8d303b4d5cc80e2c8294e19ae4864cacef87afe30639236e","license-and-authorship-required"
"irons_spellbooks-stub-0.0.0.jar.bak","backup-or-other","compatibility-stub","15408","27c4de30e1a8d94af705b12cfb3be9c3cf9523bcd6c71e8ad9b5237751ff042c","license-and-authorship-required"
"Jade-1.20.1-Forge-11.13.2.jar","active","upstream-or-third-party","552486","31949971a7a8d5a5bc95ad9d400cbedfd2d65ffbfb3cea7c0b2fa3b47431a0a5","provider-metadata-required"
"JadeAddons-1.20.1-Forge-5.5.0.jar","active","upstream-or-third-party","91771","3fa00b2ee33ee154ef155997fc7e12fb0e4d7f4f06d1bfd47dd6ee3c6a1549d4","provider-metadata-required"
"jei-1.20.1-forge-15.20.0.129.jar","active","upstream-or-third-party","1409642","5e5af05aa082f5844c7b3ed0b3bd9374e160ae1914906f71d90c5656e4e80039","provider-metadata-required"
"JustEnoughResources-1.20.1-1.4.0.247.jar","active","upstream-or-third-party","276231","311d3a83db489d27b96cd15deb690ce64c78cffb552c25c3dff85956a14ec09e","provider-metadata-required"
"Kambrik-6.1.1+1.20.1-forge.jar","active","upstream-or-third-party","325546","37d0c2b03a1f3aacb30498d67c35adaca99dc9ecd30f66f383016f4cbc85be8e","provider-metadata-required"
"killcam-1.0.2.jar","active","upstream-or-third-party","139353","2c8f65cab498e22cd5c962663190113021ca6e482e098802681d9a99b9379b8e","provider-metadata-required"
"kotlinforforge-4.12.0-all.jar","active","upstream-or-third-party","7442998","6a66c6a68ec09f8717cdbf06883394f0ee24d7cd826b7134a0f81839e8e720ae","provider-metadata-required"
"Krypton FNP-forge-1.20.1-0.2.28.2-1.20.1.jar","active","upstream-or-third-party","1794016","4a3ee9c1fceff4c480024c78b9b3626a50b6839ee977aa0ff9095242cc4fcf0e","provider-metadata-required"
"kubejs-forge-2001.6.5-build.16.jar","active","upstream-or-third-party","1654660","3de6b7267d3aab981848ed54d3afe7edf20532fa4060631fd6fffcd99ac5f3d5","provider-metadata-required"
"L_Enders_Cataclysm-3.16.jar","active","upstream-or-third-party","127993805","ac1028f4bfaa2629d80ce3c1f26e28ceec2e6f2aaaac3bb03dd8957856d2e7ca","provider-metadata-required"
"lazyyyyy-lexforge-core-0.14.19.jar","active","upstream-or-third-party","2639494","5a34ec4c93990f46813c6bde29fd401c1b2954e3d6f8872f6d861a2a0719801e","provider-metadata-required"
"Library_of_Exile-1.20.1-2.1.5.jar","active","upstream-or-third-party","634987","1dcaade132905172d7373cf146d82f8d4f2c3220e02785b43a6f2cce92231e7a","provider-metadata-required"
"lightmanscurrency-1.20.1-2.3.0.0a.jar","active","upstream-or-third-party","10005470","43a74371e377f65c77b20c49b31b9386f22ec709e17ad11a15266a7ed5ee15a5","provider-metadata-required"
"limitedchunks-1.20.1-4.1.jar","active","upstream-or-third-party","16405","5ff4d22551dcd74680f5da79c9055faae44dfc0c5348c273447200e464eeac59","provider-metadata-required"
"lionfishapi-2.4-Fix.jar","active","local-or-patched","162767","7f54de417aae331bf39f2847d3029d0976b90b50f217f9b4cc856433d34aee6f","license-and-authorship-required"
"lithostitched-forge-1.20.1-1.4.11.jar","active","upstream-or-third-party","476347","c19a5a36c0e6cb3782cf7ca5b9648fb1bce5fc41fd737bed423a1f4971bccf75","provider-metadata-required"
"Log-Begone-Forge-1.20.1-1.0.8.jar","active","upstream-or-third-party","58508","7ac59d4a83c7841f46d1182b626f7b0d229b9159b8ec1a63d7a7dd40fc817adc","provider-metadata-required"
"lootr-forge-1.20-0.7.35.94.jar","active","upstream-or-third-party","463485","01200ee5889e6bcc3c5fa8f32b7b49a4bd58e653699eeb655c6f2dd314e3ce51","provider-metadata-required"
"lost_aether_content-1.20.1-1.2.3.jar","active","upstream-or-third-party","20264145","699cc6fed1ddf8f46becb169f0ffc38acf4a3e93fcdf7f7cdf1ce28deff15505","provider-metadata-required"
"mimic-1.0.5.jar","active","upstream-or-third-party","6409566","d36e71a424411cde08187bc35a11a650b681ee4f0f29897904f34313c4294dae","provider-metadata-required"
"Mine_and_lash-Compatibility-1.20.1-1.0.0.jar","active","local-or-patched","12409","47dd8eb3038701a86b52ab11592de1d7b25bdf84cfffebd5dd95227e6b2f0f1c","license-and-authorship-required"
"mine_and_meals-0.60.jar","active","upstream-or-third-party","98998","a78ef40b02bb46808055cb243f5b33bd2df5e6d70e4dd248dc5b275e8f974d07","provider-metadata-required"
"Mine_and_Slash-1.20.1-6.3.14.jar","active","upstream-or-third-party","7983045","f63d4438a4861f3b680310da41f3e931c84fa654cce7f9bbee2456dc794d6429","provider-metadata-required"
"mixin-booster-0.1.3+1.20.1.jar","active","upstream-or-third-party","1312078","b311e0bed06affaf28c1e7cf62c464c429178f5bce4b958ad651996560fbb61f","provider-metadata-required"
"modernfix-forge-5.26.2+mc1.20.1.jar","active","local-or-patched","826829","e9f00f787a78a976b8493eafeee63ff08fadb31bcb0a1e938d7b940d17ac70ae","license-and-authorship-required"
"moonlight-1.20-2.16.28-forge.jar","active","upstream-or-third-party","1393921","46ee59799b38da7b87b734e4f6f11be886a15cab51cbf78614bb50f9e43b3278","provider-metadata-required"
"mowziesmobs-1.7.3.jar","active","upstream-or-third-party","35239406","4d54374808bb4c91dc2660d67a2558dd4a79eb56ae4eeeec4e4d7446973cb0ba","provider-metadata-required"
"NaturesCompass-1.20.1-1.11.2-forge.jar.disabled","disabled","upstream-or-third-party","215119","28e05589c9e4021d9504c9eea387ed4e80adcdcd0626a9623a53754cfa69f7bf","provider-metadata-required"
"Nightfall Enhance-1.0.7.jar","active","local-or-patched","7587901","a8ce57b57d9a3d75c9d7ca629d2e298c927da434177017ffc305bfb883c88020","license-and-authorship-required"
"noworldgenwarning-1.0.0.jar","active","upstream-or-third-party","5370","fcbf7124fd40baa89dcb65ecc3b0a27867037d023a2871cd5f900fb8645aaa1d","provider-metadata-required"
"obscure_api-18.jar","active","upstream-or-third-party","1128392","14f099e9b8c1cae0c98b5ccb792d5eaf56b71c456cf2c2d59de3c175be3e3b7e","provider-metadata-required"
"Oh-The-Biomes-Weve-Gone-Forge-1.7.5.jar","active","upstream-or-third-party","19308698","3aed757e3509013d7c32b0b707c8b3e070248722f02e953293cf8e8325b8363f","provider-metadata-required"
"Oh-The-Trees-Youll-Grow-forge-1.20.1-1.5.0.jar","active","upstream-or-third-party","169160","78e458d192400c9761c818acd7433e89d2e7e66f57ee227efc2f4656946201a5","provider-metadata-required"
"OpenLoader-Forge-1.20.1-19.0.5.jar","active","upstream-or-third-party","23937","56da03448ce1c63cb0f41e99ae38c5857d663886f9249c234f18b7c0de44b151","provider-metadata-required"
"p1nero_bow-forge1.20.1-20.14.1.6.jar","active","upstream-or-third-party","932621","0fdeae02be1aefbd7e965ae832efdaa3d51fe7200caeb2d790ddbad6e15dccf9","provider-metadata-required"
"p1nero_ec-20.14.0.7.jar","active","upstream-or-third-party","4075485","cc9d14878d1f882105a6670d30203d8b686c797226f7d2f66bd4fb4dc899f885","provider-metadata-required"
"p1neros-dialogue-lib-2.3.0-mc1.20.1-forge.jar","active","upstream-or-third-party","83337","a7050b148de4c8e558c1b83cf58385b15d6118771ae55b93d85fc11f0d6cbc4e","provider-metadata-required"
"packetfixer-3.3.1-1.18-1.20.4-merged.jar","active","local-or-patched","188673","4f641e4e204315a55b3f5a33e3039076ba08c95b68ac9280ea0081fb27470c13","license-and-authorship-required"
"pandalib-forge-mc1.20-0.5.2-SNAPSHOT.jar","active","upstream-or-third-party","864398","1595c586e9c3e7e9a455d23b1686cc82f8d9e11578efd86a10a7031995301390","provider-metadata-required"
"Patchouli-1.20.1-85-FORGE.jar","active","upstream-or-third-party","642732","05f7b5d52f6b8f0fd7f8b4822fa07a192d1394d83a264309c9d221d6d4fd21c5","provider-metadata-required"
"pbf1-1.1.2.jar","active","upstream-or-third-party","5297745","a9bcccdb683518f99a77f81ec2136a9db981a09313754002ec3fc2466d56217a","provider-metadata-required"
"Placebo-1.20.1-8.6.3.jar","active","upstream-or-third-party","282474","1cdf906cfbcbb5e5be2ef1bb721f79a24b01bd2ac559c8cdbfb7693f62421571","provider-metadata-required"
"player-animation-lib-forge-1.0.2-rc1+1.20.jar","active","upstream-or-third-party","181437","90d9965cb9efdbda29fdc5610be3914cf7008bf5c392ff34f7ab25f96a852691","provider-metadata-required"
"Prism-1.20.1-forge-1.0.5.jar","active","upstream-or-third-party","52205","b1a576f920faeb2175f693e3ee7ba9e5ff0bcf0e404da29f1824ea3c66efd240","provider-metadata-required"
"PuzzlesLib-v8.1.33-1.20.1-Forge.jar","active","upstream-or-third-party","1342987","f3077a9f817629b8e8929c1951042d1a1adc62d30b72adebd54d2b074a4faf4f","provider-metadata-required"
"Quark-4.0-462.jar","active","upstream-or-third-party","14935230","c90b96f049d92825c4a103721988c80d72e5ad380d17be46a0f53e114874c478","provider-metadata-required"
"quick-pack-forge-1.2.1+1.20.1-all.jar","active","upstream-or-third-party","639252","883f85f13a43c3c9cabc44ea1f5e001718ffa40cf7b6bb97d5d7890347cf89e0","provider-metadata-required"
"radiantgear-forge-2.2.0+1.20.1.jar","active","upstream-or-third-party","47170","2a6c7e0825c69bd38dc1bb1ce8a8d6b097cac835e16e46afaa0f207fb819bb96","provider-metadata-required"
"resourcefulconfig-forge-1.20.1-2.1.3.jar","active","upstream-or-third-party","136923","c404b9e5cf8595427a72d4ca6ee5730289168762b463f169be3ae5dfe3727ded","provider-metadata-required"
"resourcefullib-forge-1.20.1-2.1.29.jar","active","upstream-or-third-party","432753","b13afb95231d88e1caea5a045967e0fc291b29020b0d26ad39e6f9e9a551fee8","provider-metadata-required"
"rhino-forge-2001.2.3-build.10.jar","active","upstream-or-third-party","1798244","fed2211429301bf043864183cab9ab8e92d4cc4dbb9e488ce6c75217c54584a6","provider-metadata-required"
"Ribbits-1.20.1-Forge-3.0.5.jar.disabled","disabled","upstream-or-third-party","2223589","e04aa665df7e96844fe8833f29cc343feefac8ad7b949399d7b4a60475123e2b","provider-metadata-required"
"ribbits-stub-0.0.0.jar","active","compatibility-stub","5240","9429559ac828f3abe8bf709648604aedd0e81a76f490a1d5d77ad2e247997e98","license-and-authorship-required"
"RoE_Weapons-0.1.7.jar","active","local-or-patched","2232932","54384cec8788b8aa53b280031cdf9722d9c3a89b4cb3d4ae07abb3bc072a170d","license-and-authorship-required"
"saintsdragons-1.20.1-0.6.1-FORGE-ALPHA.jar","active","upstream-or-third-party","9614217","a6e4165144530cdd78b3ebd282589c888608e669580603cb1b18006af3d8dd5b","provider-metadata-required"
"servercore-forge-1.5.2+1.20.1.jar","active","upstream-or-third-party","1506691","bc3027797458946d90bd6559e488d222c772ac15da2bf99e8e09f2297e150ee1","provider-metadata-required"
"ShinyHorses-1.20.1-1.3.jar.disabled","disabled","upstream-or-third-party","955509","fbe38cfd25465a4f32a5e70c1b68651aa807c61d8e007fa025dd7b8beabe88ed","provider-metadata-required"
"ShoulderSurfing-Forge-1.20.1-4.22.3.jar","active","upstream-or-third-party","266767","8ab642327adfae6fe3ca92f49cf4afefedd88c420efa69942d1656359269e240","provider-metadata-required"
"smsn-forge-1.3.8-1.20.1.jar","active","upstream-or-third-party","127747","c32da056e8961752a42336e9e7775c6b3b16d22c0ea55ad6a58f4889028df893","provider-metadata-required"
"sound-physics-remastered-forge-1.20.1-1.5.1.jar","active","upstream-or-third-party","206984","591fa317c4e462039dae01967bf370acb284d5118cf5839a33f1d01b6c0def3c","provider-metadata-required"
"spark-1.10.53-forge.jar","active","upstream-or-third-party","3114590","eba275ba9bb0cb5b542913c3138c6eeff6a752898266d63d125d185f26ac99ed","provider-metadata-required"
"spiral_tower_village-0.0.2.jar.disabled","disabled","upstream-or-third-party","10661687","ede45922ce2ad41e5080f2956d180661853508256f3e3733100c0208c55bc2e2","provider-metadata-required"
"starlight-1.1.2+forge.1cda73c.jar","active","upstream-or-third-party","110583","e90763c86d362c7cb427dbb70e89985c11a882fdd69ae7d04ac2e23a106eb500","provider-metadata-required"
"structure_gel-1.20.1-2.16.2.jar","active","upstream-or-third-party","966028","1584a5aed31c0f63e53c29d53cf4e069cdabf358e785240cc500702dc5918e3e","provider-metadata-required"
"structure_layout_optimizer-forge-1.0.11.jar","active","upstream-or-third-party","246413","14bfc4b1e82ea24118402fccd90dffde45fa6d9e2238bfaa19a43b3fb88ee49c","provider-metadata-required"
"summoningrituals-forge-1.20.1-2.0.8.jar","active","upstream-or-third-party","218380","1941d866fafd467e9746a043eaee81b55db8fc22418e91da784b45ebebacd247","provider-metadata-required"
"super_golem-20.12.2.jar","active","upstream-or-third-party","2168184","6078ca8fd19984c95645afc61b86bd36a794d3679c9e96d95c27bd2777d551d5","provider-metadata-required"
"super_warden-20.13.0.jar","active","upstream-or-third-party","1089990","d6a5ca943ce726e5260132622c5c865fceb0c68b25b9ab1f01b130ffae1990b9","provider-metadata-required"
"supplementaries-1.20-3.1.42-forge.jar","active","upstream-or-third-party","13661432","f58c2a725336f263e94870347df116e0198d7a8c36a6f7bdf065c566b0248811","provider-metadata-required"
"swem-1.20.1-1.6.5.jar","active","upstream-or-third-party","11577131","f91cc74955d580f405db9110913b64e906251ab5471e2264d135f20124ec4a55","provider-metadata-required"
"sword_soaring-20.14.2.7-mc1.20.1-forge.jar","active","upstream-or-third-party","17018004","d6f3f97b12e985de9a76a0a2010ce7497181d6eaef039396335ece07127a1250","provider-metadata-required"
"Tab-Stats-1.20-1.0.5.jar","active","upstream-or-third-party","107129","d7bfb7d75a1807d7633a97de7e418f2d6ea54b1397085f90aa6026c97f9b759f","provider-metadata-required"
"TaxFreeLevels-1.4.14-forge-1.20.1.jar","active","upstream-or-third-party","223988","31d251c766a773ed4a10273b48ec3f9ea333149b183639b9833e7e89f6899b3c","provider-metadata-required"
"tcr_bosses-1.0.18-all.jar","active","local-or-patched","964924","7f4dec989e2ba17d2c573ed64f75d0c98a3b8ee37df04cb92d023dcce9aae27c","license-and-authorship-required"
"tcrcore-2.2.3.jar","active","local-or-patched","31642147","11e22bb92135760b1e0e4e5e839e59ad65d29b4a0d6688c2a4b9e5c08ad902fb","license-and-authorship-required"
"tcrmeshes-1.0.0.jar","active","local-or-patched","173664","2a22f47e917db3414e90ae40429dbd0b74e43fe6ce3788ad27fc565607270609","license-and-authorship-required"
"tectonic-forge-1.20.1-2.4.1.jar","active","upstream-or-third-party","349125","1e8a9f1c929ccea1adda609233dad8b52f0d44d73b5c73254bed92a8b0d0f992","provider-metadata-required"
"TerraBlender-forge-1.20.1-3.0.1.10.jar","active","upstream-or-third-party","107532","c109016f46ca9bdae69976bf080bbf2e8e5968cb66c0a78845f8ca6af5dbbeb1","provider-metadata-required"
"The-Harvest-1.20.1-1.1.3.jar","active","upstream-or-third-party","416897","3a597f85447f1ad69db6d89b401beadfc42ba740717b77803969ec48361d5f21","provider-metadata-required"
"tlc_forge-1.0.3-R-1.20.X.jar","active","upstream-or-third-party","713860","bb7da52ed3f577b7b1d16bd97951d1cc15552195cc494a7efe35d109198d9878","provider-metadata-required"
"Towns-and-Towers-1.12-Fabric+Forge.jar","active","upstream-or-third-party","2864275","9c8115af7109579da990249fdd67b38323a45be70f8a3a962b61da69c7021984","provider-metadata-required"
"TravelersTitles-1.20-Forge-4.0.2.jar","active","upstream-or-third-party","228191","e72bcce5e31ab2d5f09eff53697969b32e56c35801b3014e03d558b442b9d38b","provider-metadata-required"
"trek-B0.6.jar","active","upstream-or-third-party","25458242","78c27ae931278eca9e2fd86e73b08f44ff5962cac4d1a3f701a26c257d6e32ef","provider-metadata-required"
"tudigong-forge-1.20.1-1.3.5.jar.disabled","disabled","upstream-or-third-party","269285","472abde33c510d75ea9f034ee12f12126c419e2c04bd45e6c03f231d9c626ce8","provider-metadata-required"
"uniqueaccessories-1.3.3-forge-mc1.20.1.jar","active","upstream-or-third-party","521352","5e7db68e978cbafacf78bbaba9dbc058dab9417ff2da584d71d4220c2edfe0b1","provider-metadata-required"
"void_mns_prof_compat-0.0.1.jar","active","local-or-patched","7119","f971953a091fd5bbac08a481685439e61dd4db743a8c55ff742bb03a2fcf892e","license-and-authorship-required"
"waystones-forge-1.20.1-14.1.20.jar","active","upstream-or-third-party","533738","5ecc6535596b5954f6293224be6b35805c64f4d4aedc2b9e32d9508dd529cabd","provider-metadata-required"
"WeaponsOfMiracles-2.0.15-mc1.20.1-forge.jar","active","upstream-or-third-party","20276434","a208c7b74edf5d09c5a8696fcd3d5f646cdf7a72069c28bf6da62a8b00a96eed","provider-metadata-required"
"worldedit-mod-7.2.15.jar","active","upstream-or-third-party","5825402","17db6b3e94f52d25426684663e1e1846823cbb7907f1c365ac329e5bc7bfaf2c","provider-metadata-required"
"wraithon-forge1.20.1-1.1.11.jar","active","upstream-or-third-party","31054582","f059eda3cf27634323a1571bfb219ea8df2537ba6a199ecbf4dce26105ebebe0","provider-metadata-required"
"xaerominimap-forge-1.20.1-25.3.10.jar","active","upstream-or-third-party","2146522","dd118045c4daa8e27614f576d515ba5b07e4ccae060b6b1a536437f155879c7b","provider-metadata-required"
"xaeroworldmap-forge-1.20.1-1.40.11.jar","active","upstream-or-third-party","1388342","d41ea1366e36f79f1b38efb44920fa9354a929eee070c493bda60b0c5cc2b16a","provider-metadata-required"
"yet_another_config_lib_v3-3.6.6+1.20.1-forge.jar","active","upstream-or-third-party","1105891","bd05da3d9df29b914165583f1c6dfd918a138996447ff32c0418329824027a8f","provider-metadata-required"
"YungsApi-1.20-Forge-4.0.6.jar","active","upstream-or-third-party","370524","101c30d01d0cf9d86190f578eb1e43bd06b64092e95662a00ef52946f472c7b1","provider-metadata-required"
"YungsBetterEndIsland-1.20-Forge-2.0.6.jar","active","upstream-or-third-party","387111","05c2f43a67116f0bbca32d903b55ce1655b9319ed6554080de02bd1d0c232a83","provider-metadata-required"
"Zeta-1.0-31.jar","active","upstream-or-third-party","1006518","cd1786902a79434f8fd762d741019d9c8a79725fef7e30a89c153c934e1e6a9e","provider-metadata-required"
